Batch,Techniques,Workplace,Garage,Kitchen,Hall
1,219.69510411517015,220.3479461677868,219.0372096289588,220.47713981892844,219.56503068638222
2,219.1081442935289,219.56115917819474,219.2331760937985,219.80893528521173,219.72241731193057
3,219.17863670166295,218.5985489210044,220.031138485334,220.11021712041173,219.5762724693628
4,219.43879072013294,218.90809026793352,219.26752959179365,220.46147914206648,220.06259579431838
5,218.51165554339673,219.25655644001293,219.23115004018507,221.11709220661206,220.43146194497763
6,218.01942528729106,219.97909753711477,218.72123586100707,220.12908226491354,221.2399136247891
7,215.01942528729106,210.97909753711477,218.0582620233797,220.18822130077157,220.6910395665599
8,214.72732041127017,211.77647398634818,217.90739729184472,220.99094509291302,220.48719167132901
9,214.06090637904032,211.05844036953232,218.26537925404511,220.84866950018082,219.93826792527088
10,213.1258069311926,211.62203383180008,219.01334274654022,220.26367083057133,220.2588335459009
11,213.16048759778175,212.26253971589495,219.84524529371689,219.85950434892217,220.58241241313797
12,212.72559652611872,212.47633127565882,227.84524529371689,220.68735760704584,220.50882546630856
13,212.59020999939028,213.2977920989,228.30153683261008,220.95749168880417,220.05977505100867
14,213.41683515346898,214.12769760993396,227.6769712831391,220.7271092880686,220.85342481423845
15,213.5440926996926,214.0702654900735,227.93250575263025,221.6166456188716,220.49902483673935
16,213.12610135067618,214.00398340220303,228.5363637366549,220.9693414899498,220.96447838963593
17,213.1039989351254,213.79685892447947,229.19185607975533,221.17491719256677,221.00987579058759
18,217.1039989351254,213.11676123930414,229.08440566270042,221.84205982080888,220.4755135787577
19,217.10626165403056,212.2678097160516,228.59371366755585,220.86575065731853,219.5080088140837
20,216.59397516530996,212.4641748943298,228.3863161045105,220.73158062773692,216.5080088140837
21,226.59397516530996,211.60519241966057,228.8152385755888,225.73158062773692,216.5274610051731
22,225.68099355255117,211.51617610425484,229.535048962069,225.44264097879972,216.78321661073778
23,226.57529039221905,212.412550471755,230.3737813408563,226.17513136560342,216.58482668136875
24,225.7736032408427,212.845559483151,240.3737813408563,226.58774888449287,216.03554648686446
25,225.0816025808419,213.06440734882747,241.09263479119204,227.26974284866031,215.4289915849034
26,225.60502765436237,212.78343491534574,240.16377667768194,227.38868957550676,215.43506787259724
27,226.32391898215093,212.54473872905845,240.77598741149365,227.68083003582294,215.020750936242
28,229.32391898215093,212.56733839989676,241.6505059446797,234.68083003582294,214.46704501961054
29,229.85710726621122,208.56733839989676,241.61119142842367,234.15195533483154,213.85940037646054
30,230.51634503969467,209.214301083853,240.71057993021276,234.91438443241137,213.06577782463913
31,231.42486791700352,209.98253050689885,241.00574077980266,234.61552118794097,215.06577782463913
32,231.44315222247167,209.55311551684593,240.32087771739108,234.35303365698323,215.19357400543404
33,231.351660039351,209.386246805373,240.16539758908507,234.80794083448254,214.9263753153532
34,230.87169585421367,209.67447243118437,240.89834150776497,235.03382012242542,215.77508807584724
35,227.87169585421367,210.6511920169581,241.33934144881692,235.0561504088798,215.0754348446007
36,227.29880276779647,210.4258342778437,241.36059259713568,239.0561504088798,214.1282378460184
37,228.1463567793323,209.88121767327047,241.84770733204567,239.36946776258415,213.20712961873247
38,228.96081238147065,209.1858156752103,242.29668752737953,239.5906656897325,213.6880296840868
39,229.76224268380147,208.732180254663,242.260020983645,240.34085052099385,212.79031487023298
40,230.1035299769665,208.75072933218738,243.14708941617724,239.57740450440895,212.04092477093704
41,230.56753618868734,209.37383657790207,244.07153526530874,233.57740450440895,211.81854898519492
42,230.17761092792935,209.28287450203777,243.68411744289094,233.6697524215536,211.21167651072255
43,230.9936778117831,215.28287450203777,243.18056831425588,234.06849454911034,211.62260425071673
44,230.99273336951336,214.71662820123055,246.18056831425588,234.9667331893189,202.62260425071673
45,225.99273336951336,214.86121177389947,246.20830683319664,235.2290861716044,202.7434175769083
46,226.17648092403422,215.55534158887446,245.36280411423252,235.41978472795753,200.7434175769083
47,225.81855048622845,215.0152556078632,244.53384569402382,235.16208280655255,200.6768975586635
48,226.0924714184659,214.8509649783298,243.83174686515468,235.85706086798547,200.85248713545013
49,225.5461710335166,214.73024517185982,244.61366662719774,236.59925182646091,199.96508340261178
50,224.72507954950677,214.47193162132652,243.9103871067898,235.7306236645303,199.15521002458698
51,224.51551030011575,215.21122934045908,244.74417830419637,236.19838985905565,199.9349423595754
52,223.89534415275028,215.2512663815977,244.26691226841615,236.02025297412683,199.1510314001648
53,224.67577514423013,214.96435292425642,243.40419559257379,236.0726002255221,199.21377722154062
54,224.14976454500055,212.96435292425642,244.32532854327295,235.08341797698532,199.41930661614327
55,225.11041446453993,213.43925002179904,245.06053526017735,234.23681515795872,199.85718937691558
56,225.51939860395447,222.43925002179904,244.81560560248505,234.77407571281282,199.06430403114592
57,225.68913053916248,222.92740954049503,245.5894504773524,235.29124547689364,199.90888072558354
58,225.49939809390307,222.74652070295838,245.5678866132228,235.0751278094943,199.65632825104737
59,224.94508999684066,221.946722244372,246.0173851938641,235.59730273493136,199.89220328679912
60,225.53250405771894,221.96322711112268,246.6089378434732,235.81973958893772,198.9824298098946
61,224.9992447037625,222.8280937132006,246.13333448816283,235.67037532176235,198.69095656821335
62,225.84100769417168,223.31419865404249,245.93351552341528,236.29890834369016,198.72149355203288
63,226.52427372742142,223.27398072056613,246.69731871913777,232.29890834369016,197.89611417313174
64,226.36970321672473,223.11381154078708,246.0883585484419,232.2359816975318,196.98778684774229
65,225.60029492356986,223.2276876405913,245.2908802658444,231.57568805514484,197.41354137322264
66,215.60029492356986,223.4016944053842,244.674862618143,231.81809449972596,197.06199130009136
67,216.03032127563478,222.51789218703794,245.23645469852897,231.7734237034619,196.4196946521584
68,216.55889780386033,223.47535804071586,245.65287463244314,232.24840158606378,196.22226979394063
69,216.46385019192385,222.77209003251707,245.19219599348463,231.39860009654137,195.98685828612213
70,217.2952213118151,222.82265153215954,245.6151459932117,230.4465300520664,195.02356870487685
71,217.6381736448734,223.8084219850262,245.8585719961555,229.63578503748747,195.1637896706829
72,217.17360171343995,222.89731382115053,246.67895322095293,230.22078883017832,194.6575615775683
73,217.82590907892583,222.6423505908497,248.67895322095293,229.54757552022375,194.92633262287345
74,217.67047136015086,222.90156818765814,248.50767263373737,230.0345957571325,194.08655290855722
75,218.25230753799087,222.3324397705825,249.27478062828035,230.66841140222323,185.08655290855722
76,218.37139933237845,222.62859146028572,249.1018047990446,230.284185473846,185.13597137476665
77,217.51173799518202,221.8840931789409,248.24924012202922,231.00162035329922,177.13597137476665
78,217.5531819413194,222.02093773741382,248.69414254236844,230.06101802272184,183.13597137476665
79,217.19492289746285,221.72200649329167,249.63703632376655,237.06101802272184,183.92194691990233
80,225.19492289746285,221.3092864090654,250.0590322584487,237.17668446155017,184.30159686012144
81,224.88354416932194,220.6387684597249,245.0590322584487,236.77839308303976,183.64207061370897
82,225.01379418505044,225.6387684597249,244.30703460978205,237.19186079355745,192.64207061370897
83,224.5355132663514,225.04243543128615,243.79017345897893,246.19186079355745,192.58764201610754
84,224.47080667003777,224.44991353680766,243.44794679819702,248.19186079355745,192.66152197689973
85,224.00171929265818,223.54199290482703,243.04041529588486,247.3567690877957,197.66152197689973
86,224.3332349330792,224.0744560385776,242.9321908171833,248.20822127198585,198.30594901503608
87,225.04722790589943,223.76306442438988,242.6372910382987,249.00580003110284,198.73150739877008
88,225.56706953364525,224.55107040076913,242.4784594454153,248.45802417602545,198.96376145647872
89,217.56706953364525,225.39098277737224,241.98126630093313,247.77713222228715,199.15846192537973
90,217.51347349256372,224.43405796844038,242.58286500633247,247.02115029919116,199.11809189668543
91,218.26459793522,223.63834068934136,243.21549332523773,246.20373785659788,199.33437776580087
92,217.9323457349717,223.34165791904945,243.68617418194316,247.06359740734726,198.81521362563316
93,218.60403519411932,223.18358862854592,244.25850222942464,247.08759916795546,198.83791999716874
94,218.33297220737597,223.75423059756193,244.3912030738442,246.23349590070472,198.24263038131807
95,218.82530511243488,223.2387008778628,243.4480090135272,246.3859750167503,197.54031020294343
96,213.82530511243488,223.4314812573977,253.4480090135272,247.35234553891624,196.6121592415081
97,214.72092446880268,224.42400941772323,253.9860230929975,244.35234553891624,196.36082352630893
98,213.80919167870144,231.42400941772323,254.5306886461031,244.31747760503762,196.01877282801914
99,214.513614949337,231.4329332939834,254.53179051326984,244.17266662598598,196.75202162848555
100,215.22584766284754,231.7280439284936,254.93415487812058,244.95783118415085,197.1151022724085
101,215.88686605446253,232.26363072893022,255.91733070584363,244.52566519084317,197.77907093836274
102,216.1090028746377,232.19191202202018,256.71409111828086,245.07549657502406,198.22573727052594
103,216.55616858535237,232.196302053967,255.97852888457467,244.9218076945346,199.12265995651347
104,216.36403318255645,231.65876877884668,256.58005373648604,245.62766177728088,199.61582869530886
105,215.42814958104634,231.92471423294833,257.54537940725965,245.2761230541319,199.10625430276772
106,219.42814958104634,232.0733965740616,257.5627709070476,244.2783040782878,198.146274054795
107,219.3640996007046,232.8184952819263,257.60839497240806,243.48117539703594,198.62909849785527
108,218.7085398424483,233.57594282771478,257.0491302855656,243.86837812378855,199.58222892976906
109,218.99161485448286,233.12674765875582,257.02030438253615,243.72553288753565,199.41502879938517
110,218.6518412221193,234.08149358434065,256.2789624188334,243.48765087247395,199.4359771545705
111,217.6620193498108,233.8731232668737,255.58387921925504,243.99152638996807,193.4359771545705
112,216.9408855238317,234.23131052066438,255.60193803890795,243.39466692673793,193.80918328947922
113,217.46621411162948,233.44167089791026,255.32015870981246,243.79431370045393,193.95456020757547
114,218.16462305469847,233.21465170857255,265.32015870981246,244.01405900197543,193.4409737430044
115,217.84371082976358,232.63520028759348,266.1386568803234,244.2217534630811,193.75511674713243
116,218.04440425762104,232.50937354745452,265.465267984959,243.80686831028973,194.68962685702598
117,218.17248964813433,232.92294143827374,265.40112888446606,243.81327809550442,195.67804581148278
118,218.83922407959213,232.50713878320278,265.85081498608474,244.10245308669286,199.67804581148278
119,218.4154697709251,232.68470550341345,256.85081498608474,244.8022130864342,200.44241609868274
120,218.8236432943841,232.97645027718238,255.92867799259267,245.47065102314508,200.4957936902446
121,218.011451958097,233.0031424866969,256.42318667303357,245.1650630282212,205.4957936902446
122,218.7673833790586,232.4378905951052,255.44948598368194,244.53558108396888,206.39901654860068
123,219.1529094822334,232.19807323230552,255.20773036287875,244.83880890566363,207.16007407735398
124,219.45942831666693,232.86933288265837,249.20773036287875,245.5758243188904,206.90275786684495
125,220.25372674457878,232.85713761974299,249.87002327525948,245.1829347966097,207.32479021217375
126,220.2302512621555,232.37694627919953,250.2742722027106,245.3290830445114,207.64482471474253
127,219.29049923976498,232.80397753929893,250.27652020008418,245.29238296795012,208.02232292136046
128,215.29049923976498,231.91777944498912,250.3251430529308,245.8134120718493,208.86971406403708
129,215.9188426242946,231.22365422542538,250.3307847953514,245.37051773770517,208.87285863567888
130,216.47514538723146,230.85371404348905,249.8392678925908,249.37051773770517,208.35489306854373
131,216.05707495205425,231.59254573457667,249.46244345187569,248.3809846509416,208.25333162598258
132,215.90146393224572,231.49628717323893,248.51430223326662,248.06493475134153,208.76168743283066
133,216.3426600191404,231.47510006481676,249.22900558906423,248.90367804326027,208.06869883375734
134,216.15421507812454,231.70349139580355,248.47424693656723,249.30950082222958,207.81536137637428
135,215.70805983051144,232.5642210514033,248.0408787941495,248.49692954676897,201.81536137637428
136,216.5559442680859,232.91957602660773,248.08011752899338,249.2591867004282,202.12678122724122
137,215.88678692530652,233.5286273807872,248.22378351485023,249.69242625993482,202.6765798905246
138,216.3347076125185,233.53140650389844,244.22378351485023,248.78616648444984,203.25804677917367
139,216.05840660567313,233.66120600766084,243.88967339247452,248.11567766954914,204.25307322750584
140,215.37321766803746,233.619461166901,243.82135130620188,256.11567766954914,205.24368226187238
141,215.39224498255106,233.20364853359004,244.38945873753332,256.6732779302502,204.57408164343477
142,222.39224498255106,233.62597333111464,245.02196437171594,257.351719149422,209.57408164343477
143,223.10092144320876,233.95105014330974,245.21303252459793,256.5450281604842,208.81005459960215
144,223.2379877403028,234.67985951229855,245.65995640345636,256.3648635891166,208.3198299636767
145,232.2379877403028,234.58843661859825,245.96618232196337,256.1096415869217,208.58933454262373
146,231.72384514282854,235.3985621687777,246.1647829772191,255.9283003948793,207.72084174890855
147,232.57450045369248,234.690261834109,245.7271299573507,255.51299029973202,208.0065800786029
148,232.05472893094645,235.33262399660677,245.75938598563906,256.39114953379914,207.00724581229633
149,231.8451764346346,236.24387545696388,244.9184178742883,256.2246111340623,207.68052823388305
150,231.0203185781763,235.491958148137,244.33378608300006,255.35662402898464,206.787739890565
151,230.33440922622975,235.87678157753214,244.60723371335143,255.47262088423585,206.58092964806406
152,229.68948945876258,236.82357040223488,246.60723371335143,255.58740673254263,206.71715595604482
153,230.6378115676424,237.80455141936298,245.75275232027056,255.31551560303413,207.04251211429664
154,223.6378115676424,237.83048176556346,244.91044429798262,254.6956248204708,206.2260172553934
155,224.18995791549526,238.3235691205467,245.3141620046892,253.7454254634254,205.29948419824555
156,224.25712469743752,248.3235691205467,245.20892647208515,252.79489262855128,204.52419903021442
157,223.58538608258525,248.45553503891955,245.22444102116046,252.44243538312892,204.51234290739174
158,223.89699303641004,248.41278513993453,246.0903306149635,252.91284179010103,204.36939709748245
159,224.28825122483357,248.2968290152197,246.91661131219453,252.83329343255102,204.36390095512385
160,224.6162635647272,249.16431378350495,246.3098243911659,252.07505094638006,203.43362843773315
161,225.52209334670596,248.516766260058,245.45586905695887,251.68397065329282,203.7465426474995
162,225.77817980372106,249.30436105365925,245.71898395864065,250.68529502315954,204.46184163185572
163,225.91909574728578,249.73664907744526,244.7691524107825,250.6858250461412,203.85784742425628
164,226.45478399069856,249.30969153240343,243.98653866295703,251.4146273844796,204.54322695407066
165,226.31278882378578,250.08653144286208,244.21437454544062,252.2509068757133,204.466786961069
166,225.70234341953363,249.4811838683454,243.76944402400568,252.4669963179522,204.64319855651564
167,226.64871088221855,253.4811838683454,242.92000977044012,252.09178087051242,204.4441024861142
168,225.84882135286114,254.22980351512226,242.8839353310631,252.35165040828977,204.16941267051152
169,226.37330246160292,254.38768544018112,242.8134920189561,253.23654265910028,204.5094075248305
170,225.49644852755972,254.97046226134322,242.26443035522357,253.06375716908258,204.80258895465894
171,223.49644852755972,255.8489234237266,242.013512288727,249.06375716908258,205.05652757154655
172,223.43516627737327,255.69477999366762,242.93083391500716,248.12486477332402,205.52767690340295
173,223.97137655521516,256.68650059892525,242.20795884597496,247.1366581346092,204.983100095858
174,226.97137655521516,257.1452805759806,242.28988071325256,246.7040998511214,205.26546419439785
175,227.4347740718245,257.1093969120173,242.92196140026624,248.7040998511214,205.35798211363772
176,226.45598954263505,257.76796951882704,243.01073362910117,249.04866877379777,205.6547218047435
177,226.09606608284608,257.1301341866391,243.32642467972022,249.82008861014077,204.83308175914976
178,226.2503504053154,265.1301341866391,242.80197599979743,250.45345082992574,205.0774807690998
179,227.21750268312846,264.5976826415327,242.5081328587848,250.796730758483,204.9236135375931
180,227.59278866930805,264.5307159971894,241.5440548108651,251.2742902884658,212.9236135375931
181,226.60019900029405,264.8543287984746,241.4695484324984,242.2742902884658,212.3457089327185
182,226.26677455026757,264.81860446970455,240.9598572581589,241.66319136610514,212.14616458930126
183,227.0316920261794,263.95395972424205,240.50649958078608,242.37485829675262,212.59034132731634
184,226.28558120685062,264.64621538985654,241.2219012716455,241.77059718358703,213.4125210828618
185,226.94149012280218,265.0263559899506,241.40940293872248,241.9022654948037,212.76066216826732
186,227.21451029930478,264.5571269548789,240.91639782887475,242.0472578409208,213.02554546248447
187,226.46128650671346,263.57158102018315,240.79723328153702,241.09264456548613,212.55881518150295
188,226.10125764099422,264.02896668650976,240.16428709834918,241.06504407607704,212.05073022576968
189,225.7376781190734,264.4982013950285,239.716965981439,241.70944899641162,212.7785660151749
190,225.35471734903186,265.28365422744554,239.98127069029786,241.50074424915195,212.86089258057078
191,218.35471734903186,265.44940866043515,239.97201577578244,241.43636161965512,212.2437879953977
192,217.99167025217682,266.2422844941217,240.80004684836132,241.0758703144086,211.64940361650628
193,217.95004077800812,267.0113612661888,240.18649889196726,240.31529171026622,211.154300876408
194,217.42659088557747,266.4556223512724,240.64157609856767,240.1965609610322,211.9925850835653
195,217.04741496121594,266.83491975342423,241.606472654765,239.9661323859762,211.7122523310984
196,216.3296995230874,267.384236564369,242.11477897827882,239.8866173546474,211.04918512583035
197,216.47061904602202,267.7120393500149,242.76314182708322,239.06803968002976,211.87900899421763
198,216.90619466931284,265.7120393500149,243.3080984362087,239.1942329662494,212.41770938712688
199,217.05614525645703,265.5218300084746,243.64449614380072,239.01650653705838,211.64020378948393
200,227.05614525645703,264.80739035607695,244.37872950175947,239.35480945112076,212.16613982240182
201,226.88059560552196,264.37636392500076,245.27578646102498,239.54207817781847,213.1264663654662
202,226.25863960522165,263.4465151893345,245.6715853015926,240.46184573965238,212.31068088709125
203,225.4624178732479,264.1569187761108,245.1635713238706,239.46184573965238,212.0607491533464
204,225.9618324321815,264.7751070162727,246.13225200281656,238.724662830695,212.58442556677343
205,226.8793162549165,264.3461330073858,246.84344411317218,239.11357698771988,213.48649477163409
206,227.12215321165806,263.5152091883503,246.80282172538176,238.45181078744326,213.64925857319088
207,227.76914145197972,263.9941090607701,246.44291244078778,237.83250996685453,222.64925857319088
208,227.63437464258652,263.8472219943503,245.4943698644551,237.8968081011673,222.8792147790342
209,228.10712029577053,263.20780373015134,244.65959118228346,238.05531156381323,221.92332058267164
210,228.46851839394293,263.19475763246885,246.65959118228346,237.09564229423714,221.62874384595398
211,224.46851839394293,263.1993810185319,247.5378743804016,236.95189724555487,220.7201583099584
212,223.86525720217716,264.0648060878334,248.44263638868864,236.4007129945245,211.7201583099584
213,223.95711747295746,263.88380565520663,248.03563935129054,236.3156895183368,212.6000599454574
214,224.61304540274057,264.62376725167695,247.16936338524428,237.05425449020214,211.86394241823018
215,227.61304540274057,263.6452886092228,246.82845622735545,236.98645991463144,212.84914589354418
216,228.3794156124165,263.5803324613973,247.76405457952782,236.252431442418,213.1553981849153
217,231.3794156124165,263.65560789633935,247.9717085272801,236.8809044837531,212.9948956886307
218,231.30286050901725,264.56364441171684,247.8421107038625,237.58439904765078,212.08061761485098
219,231.23262015580744,258.56364441171684,248.09651211543212,236.89011072658246,211.54840277526736
220,230.50906976927382,252.56364441171684,247.61964578373687,236.90991505833543,210.69494961107347
221,230.62602032862367,253.5519549638912,248.23180543887216,237.118611778678,211.4479307946335
222,230.64053743625269,254.34187631582986,247.42321429009968,237.37066296640535,211.43218890565507
223,229.72209354317658,253.42114959314654,247.53287685274174,237.33827824153718,211.4969935337617
224,230.12361110435975,252.99989897606537,244.53287685274174,240.33827824153718,210.54452823283538
225,230.9833741480841,253.5377858531098,244.77780235328825,239.39976652345,211.01425643791205
226,230.02794667214124,254.15716047453486,245.04671224807225,239.1936010336002,211.8875848051782
227,230.4820910567445,254.09421011342783,245.37876263476397,238.97361503934812,211.32106841683856
228,226.4820910567445,254.4560837094718,245.88783211902322,242.97361503934812,210.86626729504556
229,226.8278072847264,253.99005060392813,246.63019036091185,242.92834779613517,210.87560811904092
230,227.44783941361212,253.9731641661865,246.55936252314117,243.20321027571345,211.56724193185963
231,226.6469864778115,254.04861203766947,246.43609527177827,244.12487498908695,211.84678031231076
232,227.4512949922776,254.29006398749692,245.65648749574453,243.17038062937883,211.96214086798042
233,226.82614246868354,254.43390613794494,245.62346808380377,244.0562213643236,211.49686641158337
234,226.79296754670094,253.89812484933285,244.92074725027632,243.54093303908203,212.2166232040188
235,226.14485565083402,253.27530580495448,237.92074725027632,244.05232481628587,218.2166232040188
236,226.92516596147885,253.8889303500695,237.78176251000076,244.35970112800132,217.29773905505968
237,226.8032878013156,263.8889303500695,237.39229180979805,243.4441655066784,209.29773905505968
238,226.90655709078047,264.8115486648266,236.52776158743055,243.7528926653667,208.41975427051509
239,226.69811214627043,264.0005956749633,235.5854781553997,243.6730778727886,209.29998889249956
240,226.8002024691643,263.9340543203207,235.0415238971914,233.6730778727886,208.4113713399713
241,226.22941709142756,268.9340543203207,235.2628284301941,234.26534353181185,208.73241327305198
242,226.6550904998538,269.6024383269332,226.2628284301941,233.4218360942991,208.97440380018259
243,226.985926782933,270.4944140905512,226.6197466495361,232.47435266741752,209.10995621211933
244,227.84672580079075,270.35981337724695,225.98253763101974,233.18112336348477,208.50516760485476
245,227.3861335642349,271.1389167564543,226.04840092532072,233.62030846107407,207.99953499257649
246,226.61266625041316,271.9373567164607,226.52553412617678,233.9398077903877,208.82896775215139
247,226.34073642163034,271.4019146234658,229.52553412617678,234.1679190902709,208.16334772292853
248,226.21497868980867,271.55307101219546,229.17992769643195,233.28948975071512,207.53782704455418
249,226.92373210987574,271.6982843765465,228.82124555556194,232.49048386414933,207.93042092890505
250,233.92373210987574,272.4071129017343,228.85017493515306,233.0939316007941,208.3146506674882
251,233.38570543420295,272.3890614028476,228.799435927779,233.27193241632548,208.0296461537966
252,234.25299080557073,273.3662181391291,229.66594164281443,233.1878414085613,207.5385274210651
253,234.9521682228027,274.27584940613735,229.56440397838372,232.69288655427408,197.5385274210651
254,235.71528928504853,275.1903225562253,229.78015435111055,232.88315466055556,198.37978665657442
255,240.71528928504853,274.51725393010054,229.10607493173208,232.33153315387233,197.4153562841838
256,241.03871219404056,273.67501412432165,228.65092483171298,233.22310685428442,196.42733049137283
257,241.77756225229055,274.53800665067877,229.61446542698113,231.22310685428442,200.42733049137283
258,242.63027684631243,274.2721836872121,227.61446542698113,231.58890895528486,200.32029441531
259,242.10023868380594,273.55082599175523,227.5183787018554,231.7255206402624,201.0018948694722
260,242.9101654570869,272.69091386006784,226.65579648877724,230.97895551976524,200.6108394996542
261,242.82585657745733,272.4516484127926,227.52405893534146,230.45515320278895,195.6108394996542
262,243.16156899682338,272.7180843744064,227.8764376553628,230.73552044101854,191.6108394996542
263,242.41881401434253,273.68435021630626,227.584456860589,231.73552044101854,190.76422179551955
264,242.56653245496264,267.68435021630626,227.24254534907251,231.81251710959575,191.14082650790982
265,243.09780091561345,266.7310183013615,226.87199974030773,231.93746508574006,190.76293463671504
266,243.60857278065626,266.13617749304296,227.87199974030773,231.50052056640467,191.72955395790694
267,243.30907859778472,267.1100125474346,228.84803860370243,230.65936911205227,183.72955395790694
268,244.30907859778472,265.1100125474346,228.47563291360643,236.65936911205227,184.58865488258655
269,243.41786350965305,265.7135200195653,228.31269320159274,236.5413366988024,183.94470139999794
270,243.26640343349652,264.88018643544746,228.50103981600938,237.01821370069536,184.52466166792883
271,243.60646804001183,264.359918633691,228.8386708878211,236.11895853040255,184.4700053001525
272,244.58543796061562,264.4939403212879,228.37159305526427,236.8108523826678,184.8829102298537
273,245.28506193835793,264.81378771245727,228.2295969812379,236.14598799698857,184.5312455897078
274,245.42338236764397,265.11912966065853,227.7469180841768,236.18384539870794,184.11600467067666
275,241.42338236764397,265.0345702723435,227.364851472033,235.80730906723576,184.55584832601488
276,242.26329302750023,264.60298260084824,227.53074464708484,235.74517994740305,184.36471054150027
277,241.85657008278093,265.24425044828513,227.36062884509496,236.02062610765827,183.37360731591622
278,242.25593248069833,265.14122290633344,226.6359510235421,235.10095949915993,183.89190418818887
279,242.60593854505444,265.2328761679353,227.5193086565292,235.10822654468652,183.16400805729154
280,241.9722837891195,265.0868982772938,228.38379424082257,235.1085219158698,182.68466705073376
281,241.89875298795621,264.8095511141987,228.90136889515094,234.7869193139081,174.68466705073376
282,242.8578798670721,265.67908479834813,229.87113005799665,234.5868892503105,175.36997129899729
283,242.74769681505785,266.2160301299487,230.7544910368952,234.29917250173918,175.8864768912603
284,242.8370146654437,260.2160301299487,225.7544910368952,233.7149103835845,176.41576975352615
285,242.5554770683944,259.95054437868174,225.27424329081944,234.50212241890688,176.9972570134907
286,248.5554770683944,259.1010299712532,224.75105340827417,233.81665553752558,176.5716906387183
287,244.5554770683944,265.1010299712532,225.64923141893598,233.8184450218998,176.7114787319888
288,245.36264410633714,264.93643116930554,226.20006447012418,233.81533262370684,176.57536398405188
289,244.66062363656312,265.17860977802894,225.9659500090809,234.40987510910784,176.29350504082646
290,245.18237690742154,266.0549866091708,226.64761387592617,235.34639146809585,168.29350504082646
291,244.71031354942775,267.04205467272095,227.29378463493543,235.38168980729634,167.63345950376254
292,244.64432499571308,267.05128203342935,228.2800838041531,235.8518354136985,168.28588936141762
293,244.52193804654806,266.3007356911721,223.2800838041531,234.86730798004697,168.10272603248217
294,250.52193804654806,258.3007356911721,223.8035962670686,235.78115203137435,167.86543755947196
295,249.70932820969745,258.86418933274433,223.2287728096652,235.20225025981784,167.79989366797062
296,248.74058288818838,259.05825979910117,222.39261755384612,235.1886554158883,167.64409507243045
297,248.46945466969447,258.73622429633275,223.25924600778288,235.51884379252127,167.02945305621873
298,249.44281751597103,257.9304485838568,223.15430219744883,234.97639150266292,167.7084327319127
299,249.08192240285217,257.2379118088885,223.90152775447365,235.50453005603057,168.36919422584228
300,249.40921810532393,256.37188571357365,223.43684270684602,234.5763363651148,168.29741323343126
301,249.1179777592928,259.37188571357365,222.45511906272142,235.38853850531197,168.75086409849237
302,248.20313268813968,258.87777648292536,222.8330115253516,235.39461332279993,169.24787495694747
303,248.43968767064624,259.1409897763667,221.90835184705077,235.6744631471735,169.7996543698883
304,248.9639572286348,259.19927461161916,222.0452168537768,235.61377766021707,169.28617246858866
305,249.61096655720098,258.74340021820717,221.38722960257928,236.00135910591192,168.4967175880829
306,249.37708139659858,258.23266753593504,221.3874262359992,236.5382527142598,167.7234930241578
307,249.0362191355761,265.23266753593504,221.13447906062063,237.4155950543821,166.72492416358455
308,248.94015020359947,264.7002392630741,221.6464848750737,236.96827591819655,167.28521805923623
309,248.28257631973864,263.98026782761514,222.51222264647328,236.18459268328292,167.6700251824515
310,248.74687974754818,263.4171049226227,223.11409625123315,235.59625891835685,167.12401998148115
311,249.13881283178534,264.0885918610052,222.2307784537307,236.04834174262086,167.59405823706743
312,250.03650550571606,263.43326285867806,222.2469406142342,235.44185051428454,166.92889145419602
313,249.2432991855118,263.4252039873767,216.2469406142342,235.2270021016444,166.00821854065217
314,248.87532928164762,262.95055115480744,216.83478073286676,239.2270021016444,166.86091941822403
315,249.58474520844615,262.3732468837089,216.37456836543987,238.57699008186202,175.86091941822403
316,250.32626461214593,262.1014381922019,216.77424581587314,237.94721778130258,169.86091941822403
317,250.98651503839034,262.0288809040344,215.92871272199153,238.17101812466694,169.65958108058413
318,251.9815770521875,261.8280367791508,215.8937084239809,240.17101812466694,170.38870823697215
319,252.6155825199541,261.3980075948136,215.5947217007547,240.57460383345807,169.4897809048356
320,253.00215633694128,258.3980075948136,216.13081753258996,237.57460383345807,170.00175044664644
321,253.712370369182,258.9379064842914,216.71044302805677,237.29250372906537,170.49978025709333
322,253.70296523525656,258.2819241606519,216.63367820057593,238.15016889318287,170.72207053496848
323,253.32213015814548,258.25910512800243,215.99052018101494,237.72726672681188,170.4061283694371
324,252.43475131758436,257.73969699025804,215.6089635226655,238.44848798875367,170.4798312008861
325,253.3495891774446,256.9160469344098,215.65393322987657,238.12206465606334,170.33111959003045
326,253.78111693710824,257.25142873024726,215.19881930731103,237.61690076740177,170.24246260173805
327,254.41900652248984,256.3456621451484,215.4338473476108,238.55342258804177,170.8511605128633
328,255.33898445123708,256.6783604444003,216.20941399722054,238.0146734378357,171.04322919762845
329,255.9357682963935,256.47411062340876,215.5488542115517,237.05768966790532,170.83512755393954
330,256.7538616715676,257.0412707152162,215.1259295355021,237.0074440006376,170.89796909339594
331,257.0411025703134,259.0412707152162,214.9189366903942,237.12509349956136,170.60529897209437
332,256.4030497288074,251.04127071521623,214.32534108017953,237.36679859148109,169.74306497271263
333,256.35503548684756,255.04127071521623,214.34348322277705,238.3511419844102,168.74306497271263
334,255.4519324990706,255.0000057011245,204.34348322277705,238.5037586281222,168.55741043289
335,256.02319303673136,254.2314870247184,203.48000746698244,238.00217556221565,169.02860723137513
336,255.98846001634817,253.4102966679487,203.53665349372838,238.11445817328152,168.26522023611258
337,255.94274546162535,254.18609102227492,204.1465307869769,238.53179442039288,168.52887590593906
338,255.98428261753153,253.99707149855777,203.8090121633641,238.54377049549035,168.3936176846103
339,256.7590635492518,254.38082315444183,203.25039649517745,237.56479156549014,167.57501611525043
340,256.0152702781189,254.43691621225838,202.62226440879095,237.24059804216495,168.31311371790736
341,255.4338737642157,254.05494821293962,203.59753507697027,238.01680515999064,168.00100716080905
342,254.77009353803783,254.84553457896902,204.09000575933862,238.6780817763585,168.16222094957342
343,255.32372683835106,258.845534578969,203.21999325917955,237.93459950052548,168.04520065203533
344,256.2160408376793,258.3983230427917,202.74142014536505,237.3450112286611,167.74465524854804
345,257.14974375972815,258.84468208064163,202.34508547719375,238.24489526923196,168.34015545809953
346,257.93780880416296,263.84468208064163,202.73222902690011,238.93617062510515,177.34015545809953
347,258.79712301871024,263.35486754964927,203.5557702945935,239.7974340549243,183.34015545809953
348,257.85028564094114,262.7810037318703,203.4368526274093,240.219100757047,182.68936712807928
349,258.3328904176579,263.0769829257964,203.54974279813692,240.4628242201945,182.00565115715574
350,257.8128964243573,262.8358866630125,203.57230963857575,239.60216391146892,182.77254270754167
351,258.77567927628473,263.0589691749878,203.71034002770608,239.37208513002378,182.67339625971877
352,259.75070723544246,262.4320144203481,202.80983781703233,239.05990439579867,189.67339625971877
353,257.75070723544246,263.158486211003,202.79561081407974,238.69602408640756,189.01275681100498
354,258.39148633594067,263.6325470989244,204.79561081407974,238.21288282377677,188.07561822001395
355,257.39717178170196,264.41257591538806,213.79561081407974,237.83942620505968,188.38434126887202
356,257.04598197122976,259.41257591538806,213.62090829475298,237.19911698804933,188.6080869077794
357,257.78343135826134,259.45428923155396,214.56667871700634,232.19911698804933,187.96788869925012
358,258.17087932041454,259.40623910849354,215.08913208076805,232.3769568356576,188.77642460913648
359,257.2713086238273,258.87654654734996,216.05500185236767,232.03663873755534,188.4690378270304
360,258.1751592156988,259.4552283190404,215.10434202896025,231.42865490676525,187.52593345759692
361,257.68770635544723,260.2752907486046,215.53314686794235,231.39978121653579,187.71231485568617
362,257.91223637448394,259.9878442289763,214.81763018149343,230.63023700919604,187.1095857239231
363,258.2493235631562,260.13624867335295,214.06031587908458,230.10529589360706,187.38456548395857
364,258.820597056381,261.1141555612788,213.17362078985994,228.10529589360706,187.33071373448033
365,252.82059705638102,260.50258607319415,212.669484676365,227.43205382795168,186.56606919606017
366,252.99553223543083,260.45756301501524,211.67694850369557,226.83569408909477,186.59214002927712
367,252.5889261760978,260.2664320330111,211.22920904242312,226.64890787470628,177.59214002927712
368,246.5889261760978,259.48710642682374,212.0503608248102,226.22771813419456,177.1198660286173
369,250.5889261760978,259.287831240337,212.51636708744147,225.36859966172022,176.7874375813846
370,250.5250093103872,258.81310951909086,212.93798769534035,225.83547493350227,176.9921583401691
371,250.29154218660892,259.6531588213023,213.83748278833068,225.32109641265743,176.42807115643308
372,249.51365561175288,260.44289404872643,211.83748278833068,224.92343178277275,175.4481733760242
373,250.19672940619736,261.021847249842,212.32990675584418,225.59460887964292,175.1436441696407
374,251.04394291788532,261.6100815460393,212.48646455772968,225.23402979685298,177.1436441696407
375,250.7525514711298,262.34230489267867,212.59562907241494,225.04494085447638,177.41504287104738
376,251.14245761203856,261.5864012962994,213.07345158023017,233.04494085447638,177.88761271135425
377,250.34753996664534,261.7368063335853,212.24115113942295,232.79140156478388,178.7492235764806
378,249.7883918342252,261.48682631996576,213.14437861367344,232.53099539234753,177.75528527923305
379,248.86880786723572,261.4363867280811,215.14437861367344,232.84581450628465,177.01484828804644
380,252.86880786723572,261.30515509135597,214.91376909247285,232.98562704742116,177.2420524884715
381,253.10527530512076,260.5556582735435,214.51633412700312,233.42718084521184,176.51948424271072
382,254.0565634647359,260.69832849588244,214.71470122752365,233.2533990967506,177.064853838184
383,254.33417104451757,261.6653730703529,213.83112382543777,233.3539744476803,176.98262882480134
384,253.3959430609437,262.4846009349353,213.26023667756232,233.41405026397192,177.37691588025112
385,253.22709074467295,257.4846009349353,212.9901631907602,233.21457581067048,176.53203767473485
386,254.16854337970355,257.7274780260817,212.86041379189606,233.61747826620922,177.4700638692747
387,253.88356117058893,257.46273762325046,212.47851956407862,233.26757385670103,178.14977720191135
388,253.5655357937258,257.2707734007387,212.1137252701007,234.1394909124406,178.92936447908966
389,253.07831426109584,258.25795605058414,211.63351618164782,241.1394909124406,178.13743458890548
390,253.65893047024605,258.8882780381895,211.79828263158996,242.0422836450849,178.59744927348234
391,253.94470170093035,259.8644887740869,211.30792107118523,241.0570949999336,177.92457302111274
392,252.9654016488311,259.5155543836524,210.8168448432886,241.48284873370858,177.99791780563893
393,253.06468642525283,259.9638406817837,210.78041965609162,241.36995183310603,178.80575237317197
394,253.19876000933738,260.70982486412476,211.47979214207288,241.91594608281196,179.06063269603916
395,253.28183515940873,260.53184788382424,212.17003613229295,242.52733812992338,183.06063269603916
396,253.8111922655401,259.7672819978163,213.11632949726894,242.54811823690792,183.17602574204338
397,253.48360290685193,259.44960649054354,213.8107015119268,243.36668791621778,183.67416702709727
398,254.31504544277823,259.51918949971395,213.6641271798857,243.44047916855635,184.29602522401916
399,254.89419112981395,259.3331766976133,214.2658304130646,242.47552691651907,184.50144914710035
400,255.66647575578736,260.1704204712103,215.2496715180921,242.1240212454465,184.23299498031957
401,256.227112868669,259.5938386543286,215.13086922187384,243.07829975781843,184.59153094488937
402,255.41964716153285,260.05635637809957,214.2103361377094,242.28812870912913,175.59153094488937
403,255.20397964989758,260.68061643958214,213.88974436162604,233.28812870912913,176.0734080375608
404,255.7164379463348,260.317293811445,213.81454818088207,233.61738410437707,175.41586174618186
405,255.42315617390224,259.95715782521455,212.8541787320487,234.27125346294062,175.797195027151
406,256.0725147207477,258.95715782521455,212.67914411689642,233.56524214288723,175.09358671020806
407,256.75196056830646,258.0092518989556,204.67914411689642,232.95213587200726,175.10723150697456
408,258.75196056830646,258.2884678502515,205.15312676842342,232.93962342370625,174.27720895872366
409,259.4665714265926,258.5164190989603,206.00269864935524,224.93962342370625,178.27720895872366
410,259.0383240626448,259.4795273410879,205.04663355946403,224.09629863695667,179.1209011413962
411,258.33195761978413,258.6492876023989,204.79770867452237,223.67645114277045,179.70552787014017
412,257.71326814876363,259.00659236416914,205.4749015350812,224.0012474273599,180.6949530285704
413,256.7483296589425,260.00495118484906,205.56678624886817,224.63146067507842,180.1525383643493
414,257.4386634196622,259.71187037981525,206.54346776485423,225.59060709124495,179.4342611512873
415,256.92970603523014,259.05476667569934,207.53666464242949,224.8583994758575,179.93262679453684
416,257.8814403110189,258.4244547836826,207.3824192362891,224.80376869057065,180.1807868046716
417,250.88144031101888,255.42445478368262,206.7380390281084,224.99808736313958,180.29262693340763
418,250.0436971469889,254.45148718009344,206.2723474074538,224.88807221671456,179.46438388729433
419,250.39789913379326,255.27339143636567,214.2723474074538,223.96959007873605,178.82203210838455
420,251.31672783229882,256.0630489252206,213.88347738219986,226.96959007873605,179.50169570174504
421,250.45725497878172,256.5173931241179,213.28327035890737,226.9862001520522,179.59436403891658
422,250.69754236389426,265.5173931241179,213.54777108185027,226.4833832990543,178.85605311274892
423,251.31537529484353,265.62210718738714,213.743453473884,226.3882660566396,179.06128850262243
424,252.09607507736462,266.40513961026244,214.1877777614181,227.33108786396937,179.12859529012954
425,252.31997009069332,265.94123739925936,213.6296717346708,227.7075933491859,179.5016156003234
426,242.31997009069332,265.9368588712165,213.22836499913961,228.08147745628537,183.5016156003234
427,242.32311482552862,266.27968087391804,214.19306689330867,227.55367018144076,184.22074545789485
428,241.91589300293168,266.3828054964651,206.19306689330867,228.0571026792307,184.2976690485401
429,242.06306309901464,266.15392878605337,206.9039894973717,228.25243408553047,185.14688969560748
430,242.66395382383206,267.07867183304336,196.9039894973717,229.05238976450286,186.0766388827455
431,241.90433715359381,267.2047883312516,196.99825117248096,229.61358840799525,185.24690261809005
432,242.84041275224655,266.6984958445353,196.989822547257,228.96489396393008,184.64777505631474
433,241.88426087044974,271.6984958445353,197.6964955855898,229.68062579980705,184.51516459717448
434,241.5777245120404,271.82492735299144,197.16194893368038,229.4574106575603,184.08889669013698
435,241.55226760872947,271.0245627853359,196.2177166885903,228.48579835200886,184.71561097244089
436,241.42317383507088,270.3559621099431,196.49243765937345,229.4538777841542,184.47496431943082
437,240.52050983355642,271.24874987681665,206.49243765937345,229.19043612561683,183.95608568218253
438,240.93047609393093,265.24874987681665,206.32846502354695,229.72050437955383,183.58002836964812
439,237.93047609393093,264.9462277862126,206.0816824351158,228.74654806430627,177.58002836964812
440,237.6019139169602,258.9462277862126,206.26850666675662,227.78895321060915,176.5836477091163
441,238.22079312982345,258.19114530283997,207.05594038473012,228.6309505823162,175.63595039771343
442,237.42207355840125,258.91301174889304,207.74907155643626,228.0439548171468,166.63595039771343
443,237.0129417752946,259.3480122371334,207.71959678531252,228.1624821313195,166.44898100645295
444,240.0129417752946,259.31119801002865,207.6400718991178,227.92643729895605,166.38833479179672
445,239.11110809161045,258.978368707376,208.53882297430357,228.4045316294997,166.41318298262843
446,238.46044812941503,258.18876957840376,209.3225755230238,227.5741632059447,167.2480129384678
447,239.38944933651698,258.34164110513416,208.93753977545737,228.51172894232346,166.4233334116283
448,239.99166809403349,259.24063603356404,208.63354318971048,228.82527915881195,166.19959864057356
449,240.98290255670958,265.24063603356404,207.77438418625934,228.76893425705674,156.19959864057356
450,241.9086383991738,264.3617246019851,207.16660601874645,229.34534921223332,156.60675062594663
451,241.6093451995357,265.0287558499576,207.9082299657347,228.95953458532415,157.16811773229497
452,241.63528774961827,265.98023241594206,207.59560090233995,229.09375312044278,157.5382626653393
453,241.72433348427174,265.2720410137263,208.22765061592332,228.21839566272985,158.32154514430897
454,240.72433348427174,265.3395418890393,208.09795592374286,228.480542894864,157.6489724274952
455,241.21998525465574,264.36251746007326,207.88476523316186,227.6843766685776,157.8874458989498
456,241.93219832755653,257.36251746007326,207.6225626032555,227.0442657905829,157.15301314408146
457,242.44891718602662,258.1764516607595,207.29473727411573,226.47112994117026,157.9977330190604
458,242.8380992355901,258.2440947599499,208.13123290193653,226.76791070563064,158.5956679547519
459,243.35833324754435,258.4790656264693,208.54010182962634,225.8596459201611,159.1365158450089
460,244.14116414792375,257.58579351343803,209.27577203526673,226.5522723736482,159.4033848259262
461,244.42197775930342,256.96099256964857,209.66908034643174,226.8819274613288,158.4955074366962
462,244.00725402080047,257.3454317724328,202.66908034643174,227.12033651148835,159.07052459775662
463,244.43595832108133,257.99262380531496,203.61574885687676,226.8584434145248,157.07052459775662
464,244.47069702440643,257.7450052837582,197.61574885687676,227.0989176170393,148.07052459775662
465,244.10071050033247,257.83273955237104,194.61574885687676,227.79822400431036,147.69035211356874
466,244.4532398864051,258.47361025262956,195.1372054934079,227.8807460991263,148.1575043123949
467,244.93096626432296,259.2488895621715,194.90969573800103,228.05649089545042,148.00746263957208
468,244.93194196469665,258.39362316604274,194.886665702873,228.90095250585256,149.00746263957208
469,245.89350520404983,258.4584531150086,194.83588431649898,228.97260776413606,148.38332657908603
470,245.9976138156412,268.4584531150086,194.78887054913776,227.97260776413606,153.38332657908603
471,245.59010221860467,267.49502638640433,194.99408263216944,225.97260776413606,153.99249611626107
472,245.36061655557688,268.4224176814306,194.32975793410884,226.58693454468067,153.91106834580285
473,245.10235705802026,267.4445189824382,198.32975793410884,226.6335007214442,153.6083080120061
474,244.2036137649971,268.1935294113281,197.4095133077645,218.6335007214442,153.75034812680616
475,244.3170454579806,267.646280642078,198.4095133077645,218.94931010895613,154.58262748609565
476,245.15665290074378,268.3633186259595,197.96368208492524,218.23965644991972,154.98829185582719
477,245.5496576290725,267.810296922683,196.96757737591577,218.23332472745955,154.55860508314257
478,245.65999287562514,267.52947116515105,197.84382946197545,218.69232216890344,155.1441540467717
479,236.65999287562514,267.6229058362352,197.34708783793215,218.86517379760218,155.89953973432705
480,236.9644177692916,260.6229058362352,196.7189039114521,218.23646207441124,156.26758939617585
481,237.9253282843647,259.7606017816095,196.58478060540764,218.46452554891198,156.94841482333723
482,237.49184730394734,252.76060178160952,197.1538157353286,208.46452554891198,156.82585560030248
483,236.9004060637976,252.92959249593005,197.3349763369237,207.80345449471824,157.06919991374204
484,236.36796362993957,253.45878216973875,196.43776645795123,207.4719432101212,157.62429774009652
485,240.36796362993957,252.54547780290727,197.40293575746807,207.43578773399517,156.93006087528448
486,240.78666075128365,253.3612064359241,198.40244429052785,207.4123632264117,156.39266710375446
487,241.2877440061413,249.3612064359241,198.24662602470065,207.03126300310976,155.53353231858668
488,242.03783706139106,249.09403764145722,198.87354692453675,206.74589636806257,155.48120274314786
489,242.8342117161951,248.17661667385715,198.74000742671558,207.60276620551764,155.7593161651402
490,249.8342117161951,249.10154975688627,197.8864027893091,208.1171772309386,156.1076237945223
491,249.5860790835508,248.14962657786552,198.38145163377595,201.1171772309386,155.58638053244036
492,249.54919221306784,248.51717909195642,205.38145163377595,200.32678543555053,154.90429814858322
493,249.2639426864203,248.2994428204672,206.1730525590258,201.04638399795942,155.50249843993905
494,249.9013545640582,248.48610732724381,205.51434310312436,201.33124798286659,156.45993598139592
495,250.22832957104768,248.18715612275844,204.59205733369905,201.2552069699455,157.3244529801813
496,249.59220033168674,247.77346217393023,204.4330831595736,200.99901607945162,157.28802542109216
497,248.78913981457708,247.02791482950047,204.56810721554834,200.53570796527035,156.67490858753504
498,248.72472777266069,247.28803142058806,203.8188563990325,199.6992023117663,148.67490858753504
499,248.85810269187456,247.5708219880163,204.13090004189047,200.68231482877596,148.19558681859127
500,249.68208948113158,244.5708219880163,204.07915465193398,201.16936054598023,148.332771909154
